{
  "metadata_version": 1,
  "stories": {
    "a-mountain-to-climb_20250321010620.html": {
      "ratings": [
        4
      ],
      "views": 1
    },
    "a-hard-to-horse-to-ride_20250321012754.html": {
      "ratings": [
        5
      ],
      "views": 1
    },
    "a-boy-that-played-the-guitar_20250321013814.html": {
      "ratings": [
        5
      ],
      "views": 1
    },
    "the-best-swimmer_20250321014508.html": {
      "ratings": [
        5
      ],
      "views": 3
    },
    "a-lonely-wolf_20250321094318.html": {
      "ratings": [
        4,
        1
      ],
      "views": 2
    },
    "moto-boy_20250320234757.html": {
      "ratings": [],
      "views": 1
    },
    "batman-boy_20250322133645.html": {
      "ratings": [
        4
      ],
      "views": 1
    },
    "a-funny-cat_20250322135002.html": {
      "ratings": [],
      "views": 1
    },
    "a-funny-magical-dog_20250322140344.html": {
      "ratings": [],
      "views": 1
    },
    "a-real-race-driver_20250324004952.html": {
      "ratings": [],
      "views": 1
    },
    "a-wolf-boy_20250326002934.html": {
      "ratings": [],
      "views": 1
    },
    "about-a-boy-named-luca_20250405180750.html": {
      "ratings": [
        5
      ],
      "views": 1
    },
    "a-shark-life_20250406001739.html": {
      "ratings": [
        5
      ],
      "views": 1
    },
    "the-flying-elephant_20250407224642.html": {
      "ratings": [
        5
      ],
      "views": 1
    },
    "the-super-mother_20250407225448.html": {
      "ratings": [],
      "views": 1
    },
    "the-big-boss_20250411155914.html": {
      "ratings": [
        5
      ],
      "views": 2
    },
    "school-is-fun_20250411161230.html": {
      "ratings": [],
      "views": 1
    },
    "uma-fada-magica_20250411170528.html": {
      "ratings": [
        3
      ],
      "views": 1
    },
    "the-truth-about-dragons_20250412233518.html": {
      "ratings": [],
      "views": 1
    },
    "the-magical-forest-adventure_20250413041547.html": {
      "ratings": [],
      "views": 1
    },
    "avventura-tra-le-stelle_20250413045602.html": {
      "ratings": [],
      "views": 2
    }
  }
}